batter,runs,balls,strike_rate,bowler,wickets,fantasy_score
V Kohli,9346.0,7127.0,131.13511996632525,V Kohli,5.0,773.3502679949488
RG Sharma,7331.0,5659.0,129.54585615833184,RG Sharma,16.0,625.1118784237499
S Dhawan,6769.0,5483.0,123.45431333211745,S Dhawan,4.0,564.8381469998176
DA Warner,6567.0,4849.0,135.4299855640338,DA Warner,0.0,545.6744978346051
RA Jadeja,3526.0,2816.0,125.21306818181819,RA Jadeja,189.0,527.6619602272727
SK Raina,5536.0,4177.0,132.53531242518554,SK Raina,30.0,498.76029686377785
KL Rahul,5828.0,4302.0,135.47187354718736,,0.0,486.5607810320781
SR Watson,3880.0,2892.0,134.1632088520055,SR Watson,107.0,458.9244813278009
MS Dhoni,5439.0,4101.0,132.626188734455,,0.0,455.01392831016824
AM Rahane,5367.0,4391.0,122.22728307902528,AM Rahane,1.0,448.8940924618538
CH Gayle,4997.0,3516.0,142.1217292377702,CH Gayle,19.0,443.87825938566556
SP Narine,1820.0,1178.0,154.49915110356537,SP Narine,229.0,443.5748726655348
AB de Villiers,5181.0,3487.0,148.58044164037855,,0.0,436.7670662460568
SV Samson,5181.0,3770.0,137.42705570291778,,0.0,435.0940583554377
RV Uthappa,4954.0,3927.0,126.15227909345556,,0.0,415.2428418640183
KD Karthik,4843.0,3687.0,131.35340385136968,,0.0,407.14301057770547
F du Plessis,4773.0,3605.0,132.39944521497918,F du Plessis,0.0,401.69991678224693
AD Russell,2655.0,1626.0,163.28413284132841,AD Russell,133.0,396.49261992619927
JC Buttler,4647.0,3208.0,144.856608478803,,0.0,393.48849127182046
KA Pollard,3437.0,2447.0,140.45770331017573,KA Pollard,81.0,393.2286554965263
DJ Bravo,1560.0,1247.0,125.10024057738573,DJ Bravo,207.0,391.9650360866078
Shubman Gill,4598.0,3339.0,137.70589997005092,,0.0,388.49588499550765
SA Yadav,4581.0,3154.0,145.24413443246672,SA Yadav,0.0,388.26662016487
AT Rayudu,4348.0,3490.0,124.58452722063038,,0.0,366.5276790830946
AR Patel,2089.0,1635.0,127.76758409785933,AR Patel,148.0,363.8851376146789
HH Pandya,2964.0,2116.0,140.0756143667297,HH Pandya,88.0,363.73134215500943
SS Iyer,4233.0,3211.0,131.8280909374027,SS Iyer,0.0,358.4142136406104
G Gambhir,4217.0,3524.0,119.66515323496027,,0.0,355.3097729852441
MK Pandey,4021.0,3406.0,118.05637110980622,,0.0,339.3884556664709
YK Pathan,3222.0,2334.0,138.04627249357327,YK Pathan,46.0,333.66694087403596
B Kumar,354.0,392.0,90.3061224489796,B Kumar,243.0,333.4659183673469
RR Pant,3879.0,2739.0,141.6210295728368,,0.0,331.5631544359255
R Ashwin,833.0,728.0,114.42307692307692,R Ashwin,205.0,329.80346153846153
KH Pandya,1982.0,1539.0,128.78492527615336,KH Pandya,111.0,311.07773879142303
Ishan Kishan,3600.0,2579.0,139.58898797983716,Ishan Kishan,0.0,308.9383481969756
PP Chawla,624.0,580.0,107.58620689655172,PP Chawla,201.0,307.25793103448274
GJ Maxwell,2820.0,1896.0,148.73417721518987,GJ Maxwell,45.0,301.9101265822785
YS Chahal,37.0,89.0,41.57303370786517,YS Chahal,242.0,299.5959550561798
JH Kallis,2427.0,2291.0,105.93627237014405,JH Kallis,74.0,298.8504408555216
Rashid Khan,635.0,432.0,146.99074074074073,Rashid Khan,187.0,297.24861111111113
Q de Kock,3444.0,2618.0,131.55080213903742,,0.0,295.2526203208556
Yuvraj Singh,2754.0,2207.0,124.78477571363842,Yuvraj Singh,39.0,285.83771635704574
DA Miller,3288.0,2441.0,134.69889389594428,,0.0,283.24483408439164
Harbhajan Singh,833.0,636.0,130.9748427672956,Harbhajan Singh,161.0,279.48622641509434
N Rana,3078.0,2314.0,133.01642178046674,N Rana,11.0,279.39246326707
JJ Bumrah,75.0,89.0,84.26966292134831,JJ Bumrah,208.0,268.24044943820223
A Mishra,381.0,440.0,86.5909090909091,A Mishra,183.0,263.06863636363636
MP Stoinis,2242.0,1588.0,141.18387909319898,MP Stoinis,48.0,258.13758186397985
WP Saha,2934.0,2368.0,123.90202702702702,,0.0,253.30530405405406
BB McCullum,2882.0,2272.0,126.84859154929578,,0.0,249.58728873239437
V Sehwag,2728.0,1833.0,148.82705946535734,V Sehwag,6.0,247.7640589198036
RD Gaikwad,2839.0,2154.0,131.80129990714948,,0.0,246.89019498607243
SL Malinga,88.0,103.0,85.43689320388349,SL Malinga,188.0,245.45553398058252
PA Patel,2848.0,2442.0,116.62571662571663,,0.0,245.3338574938575
DR Smith,2385.0,1803.0,132.27953410981698,DR Smith,27.0,243.04193011647257
HV Patel,280.0,250.0,112.00000000000001,HV Patel,168.0,240.8
MA Agarwal,2764.0,2146.0,128.7977632805219,,0.0,240.4396644920783
YBK Jaiswal,2593.0,1750.0,148.17142857142858,YBK Jaiswal,0.0,229.66571428571427
IK Pathan,1150.0,985.0,116.75126903553299,IK Pathan,99.0,228.31269035532995
Abhishek Sharma,2379.0,1471.0,161.72671651937458,Abhishek Sharma,11.0,227.77900747790616
M Vijay,2619.0,2208.0,118.61413043478262,M Vijay,0.0,227.31211956521742
UT Yadav,208.0,211.0,98.5781990521327,UT Yadav,163.0,227.0267298578199
N Pooran,2527.0,1629.0,155.1258440761203,,0.0,225.42887661141805
K Rabada,262.0,256.0,102.34375,K Rabada,157.0,224.7115625
B Sai Sudharsan,2515.0,1760.0,142.89772727272728,,0.0,222.6346590909091
Sandeep Sharma,60.0,79.0,75.9493670886076,Sandeep Sharma,169.0,218.99240506329113
SE Marsh,2489.0,1913.0,130.10977522216413,,0.0,218.63646628332464
Mohammed Shami,115.0,116.0,99.13793103448276,Mohammed Shami,162.0,218.4706896551724
SPD Smith,2495.0,1999.0,124.81240620310155,SPD Smith,0.0,218.32186093046522
MR Marsh,1855.0,1291.0,143.68706429124708,MR Marsh,37.0,214.35305964368706
JA Morkel,975.0,712.0,136.93820224719101,JA Morkel,96.0,213.74073033707865
JP Duminy,2029.0,1680.0,120.77380952380952,JP Duminy,23.0,208.0360714285714
TA Boult,93.0,90.0,103.33333333333334,TA Boult,153.0,206.54
SR Tendulkar,2334.0,2044.0,114.18786692759295,SR Tendulkar,0.0,203.84818003913895
RA Tripathi,2291.0,1707.0,134.21206795547744,RA Tripathi,0.0,203.41181019332163
MM Sharma,125.0,140.0,89.28571428571429,MM Sharma,149.0,202.19285714285712
D Padikkal,2270.0,1779.0,127.59977515458122,,0.0,200.73996627318718
CH Morris,618.0,413.0,149.636803874092,CH Morris,107.0,200.28552058111381
SN Thakur,349.0,276.0,126.44927536231884,SN Thakur,127.0,199.28739130434784
S Dube,2129.0,1555.0,136.91318327974275,S Dube,7.0,199.2569774919614
R Vinay Kumar,310.0,289.0,107.26643598615917,R Vinay Kumar,127.0,193.28996539792388
H Klaasen,2104.0,1320.0,159.3939393939394,,0.0,192.2290909090909
R Dravid,2174.0,1918.0,113.34723670490095,,0.0,190.92208550573517
KS Williamson,2132.0,1734.0,122.95271049596307,KS Williamson,0.0,189.00290657439447
AJ Finch,2092.0,1696.0,123.34905660377358,AJ Finch,1.0,187.06235849056603
AC Gilchrist,2069.0,1555.0,133.05466237942122,AC Gilchrist,1.0,186.67819935691318
R Parag,1879.0,1359.0,138.2634289919058,R Parag,11.0,184.25951434878584
JD Unadkat,201.0,173.0,116.18497109826589,JD Unadkat,125.0,183.5077456647399
PJ Cummins,642.0,437.0,146.9107551487414,PJ Cummins,90.0,181.3966132723112
Mohammed Siraj,117.0,144.0,81.25,Mohammed Siraj,132.0,179.9475
MEK Hussey,1977.0,1648.0,119.96359223300972,,0.0,176.15453883495144
SM Curran,997.0,761.0,131.011826544021,SM Curran,63.0,175.01177398160314
PP Shaw,1892.0,1321.0,143.22482967448903,,0.0,172.84372445117336
P Simran Singh,1865.0,1220.0,152.8688524590164,,0.0,172.13032786885248
Tilak Varma,1858.0,1344.0,138.24404761904762,Tilak Varma,0.0,169.37660714285715
MM Ali,1167.0,865.0,134.91329479768785,MM Ali,46.0,168.79699421965316
Kuldeep Yadav,210.0,263.0,79.84790874524715,Kuldeep Yadav,116.0,167.97718631178705
R Tewatia,1302.0,994.0,130.98591549295776,R Tewatia,36.0,167.00788732394366
Shakib Al Hasan,795.0,665.0,119.54887218045114,Shakib Al Hasan,71.0,166.73233082706767
P Kumar,340.0,323.0,105.26315789473684,P Kumar,102.0,165.38947368421051
Z Khan,117.0,141.0,82.97872340425532,Z Khan,119.0,164.60680851063827
DPMD Jayawardene,1808.0,1522.0,118.7910643889619,,0.0,162.4586596583443
AK Markram,1671.0,1264.0,132.1993670886076,AK Markram,6.0,160.70990506329113
VR Iyer,1677.0,1223.0,137.12183156173344,VR Iyer,3.0,158.32827473426002
A Nehra,41.0,63.0,65.07936507936508,A Nehra,121.0,158.24190476190475
Arshdeep Singh,32.0,49.0,65.3061224489796,Arshdeep Singh,120.0,156.35591836734693
KK Nair,1712.0,1332.0,128.5285285285285,,0.0,156.2392792792793
JM Bairstow,1674.0,1181.0,141.7442845046571,,0.0,155.18164267569858
JC Archer,326.0,232.0,140.51724137931035,JC Archer,90.0,155.15758620689655
DW Steyn,167.0,163.0,102.45398773006136,DW Steyn,105.0,154.72809815950922
Mandeep Singh,1706.0,1418.0,120.31029619181946,Mandeep Singh,0.0,154.52654442877292
MC Henriques,1000.0,801.0,124.84394506866417,MC Henriques,46.0,153.92659176029963
MK Tiwary,1695.0,1489.0,113.83478844862324,MK Tiwary,1.0,153.87521826729346
TM Head,1556.0,959.0,162.25234619395204,TM Head,4.0,153.6178519290928
JP Faulkner,527.0,406.0,129.80295566502463,JP Faulkner,76.0,152.8304433497537
KC Sangakkara,1687.0,1424.0,118.4691011235955,,0.0,152.73036516853932
RM Patidar,1612.0,1035.0,155.7487922705314,,0.0,152.32231884057973
KV Sharma,352.0,307.0,114.65798045602607,KV Sharma,89.0,152.1586970684039
BJ Hodge,1400.0,1153.0,121.42237640936686,BJ Hodge,18.0,151.81335646140502
DL Chahar,142.0,105.0,135.23809523809524,DL Chahar,99.0,150.44571428571427
DJ Hooda,1497.0,1213.0,123.41302555647155,DJ Hooda,10.0,150.27195383347075
Avesh Khan,68.0,46.0,147.82608695652172,Avesh Khan,100.0,147.61391304347825
CV Varun,31.0,56.0,55.35714285714286,CV Varun,114.0,147.58357142857142
SO Hetmyer,1566.0,1110.0,141.0810810810811,,0.0,146.44216216216216
R Bhatia,342.0,290.0,117.9310344827586,R Bhatia,82.0,143.44965517241377
NV Ojha,1554.0,1360.0,114.26470588235293,,0.0,141.45970588235295
Washington Sundar,888.0,689.0,128.8824383164006,Washington Sundar,42.0,140.7723657474601
SC Ganguly,1349.0,1326.0,101.73453996983409,SC Ganguly,12.0,137.5801809954751
SS Tiwary,1494.0,1291.0,115.72424477149497,,0.0,136.87863671572424
C Green,1029.0,702.0,146.58119658119656,C Green,27.0,136.7071794871795
I Sharma,57.0,71.0,80.28169014084507,I Sharma,100.0,136.60225352112676
M Morkel,126.0,93.0,135.48387096774192,M Morkel,88.0,136.0025806451613
DJ Hussey,1322.0,1101.0,120.07266121707538,DJ Hussey,10.0,135.77089918256132
JO Holder,324.0,272.0,119.11764705882352,JO Holder,76.0,134.98764705882354
RP Singh,52.0,78.0,66.66666666666666,RP Singh,100.0,134.16
RK Singh,1398.0,1005.0,139.1044776119403,,0.0,132.70567164179104
S Badrinath,1441.0,1245.0,115.74297188755021,,0.0,132.64144578313253
V Shankar,1233.0,985.0,125.17766497461929,V Shankar,12.0,131.8166497461929
MA Starc,111.0,122.0,90.98360655737704,MA Starc,91.0,131.72754098360656
BA Stokes,935.0,718.0,130.22284122562675,BA Stokes,31.0,131.533426183844
DS Kulkarni,104.0,113.0,92.03539823008849,DS Kulkarni,91.0,131.32530973451327
EJG Morgan,1406.0,1181.0,119.05165114309906,,0.0,130.33774767146485
CA Lynn,1329.0,974.0,136.4476386036961,,0.0,126.78714579055442
M Prasidh Krishna,15.0,31.0,48.38709677419355,M Prasidh Krishna,98.0,126.05806451612902
PD Salt,1258.0,746.0,168.63270777479892,,0.0,125.93490616621983
PP Ojha,16.0,45.0,35.55555555555556,PP Ojha,99.0,125.41333333333333
A Symonds,974.0,781.0,124.71190781049937,A Symonds,23.0,124.2267861715749
LS Livingstone,1066.0,725.0,147.0344827586207,LS Livingstone,13.0,122.9351724137931
STR Binny,880.0,700.0,125.71428571428571,STR Binny,28.0,122.85714285714286
Ravi Bishnoi,45.0,71.0,63.38028169014085,Ravi Bishnoi,89.0,119.90704225352113
Imran Tahir,33.0,37.0,89.1891891891892,Imran Tahir,86.0,119.21837837837839
A Badoni,1178.0,885.0,133.10734463276836,A Badoni,4.0,119.00610169491524
KK Ahmed,2.0,9.0,22.22222222222222,KK Ahmed,96.0,118.69333333333333
Dhruv Jurel,1195.0,801.0,149.1885143570537,,0.0,117.97827715355805
TH David,1151.0,697.0,165.13629842180774,TH David,0.0,116.85044476327116
RD Chahar,129.0,127.0,101.5748031496063,RD Chahar,76.0,116.75622047244094
MM Patel,39.0,41.0,95.1219512195122,MM Patel,82.0,115.78829268292682
L Balaji,36.0,50.0,72.0,L Balaji,85.0,115.68
V Suryavanshi,1028.0,473.0,217.33615221987316,,0.0,114.84042283298098
TM Dilshan,1153.0,1047.0,110.12416427889207,TM Dilshan,5.0,114.7586246418338
KM Jadhav,1208.0,1012.0,119.36758893280633,,0.0,114.54513833992095
MJ McClenaghan,85.0,73.0,116.43835616438356,MJ McClenaghan,75.0,114.26575342465753
KP Pietersen,1001.0,758.0,132.05804749340368,KP Pietersen,9.0,110.68870712401055
JM Sharma,1107.0,752.0,147.20744680851064,,0.0,110.6411170212766
AD Mathews,724.0,599.0,120.86811352253757,AD Mathews,28.0,109.65021702838064
T Natarajan,4.0,7.0,57.14285714285714,T Natarajan,83.0,108.49142857142857
ML Hayden,1107.0,839.0,131.94278903456495,,0.0,108.35141835518475
AB Dinda,26.0,50.0,52.0,AB Dinda,82.0,108.27999999999999
MG Johnson,167.0,168.0,99.40476190476191,MG Johnson,66.0,107.47071428571428
DP Conway,1080.0,794.0,136.02015113350126,,0.0,106.8030226700252
LMP Simmons,1079.0,878.0,122.89293849658314,LMP Simmons,1.0,105.95394077448748
T Stubbs,986.0,667.0,147.82608695652172,T Stubbs,4.0,105.85391304347824
M Vohra,1083.0,863.0,125.49246813441484,,0.0,105.46387022016222
LH Ferguson,72.0,49.0,146.9387755102041,LH Ferguson,64.0,104.6008163265306
Y Venugopal Rao,985.0,865.0,113.87283236994219,Y Venugopal Rao,7.0,104.28092485549134
Nithish Kumar Reddy,787.0,566.0,139.04593639575972,Nithish Kumar Reddy,17.0,104.21689045936395
DT Christian,460.0,408.0,112.74509803921569,DT Christian,40.0,101.71176470588236
Shashank Singh,905.0,588.0,153.91156462585033,Shashank Singh,5.0,101.48673469387755
SK Warne,198.0,219.0,90.41095890410958,SK Warne,60.0,101.40164383561644
SK Trivedi,42.0,61.0,68.85245901639344,SK Trivedi,73.0,101.28786885245901
ST Jayasuriya,768.0,573.0,134.03141361256544,ST Jayasuriya,16.0,100.74471204188482
Priyansh Arya,909.0,491.0,185.13238289205702,,0.0,100.48985743380855
LRPL Taylor,1017.0,847.0,120.07083825265643,LRPL Taylor,0.0,99.37062573789846
JR Hazlewood,19.0,31.0,61.29032258064516,JR Hazlewood,73.0,98.31354838709677
Shahbaz Ahmed,603.0,516.0,116.86046511627907,Shahbaz Ahmed,27.0,98.16906976744187
Mustafizur Rahman,13.0,24.0,54.166666666666664,Mustafizur Rahman,74.0,97.965
NLTC Perera,424.0,326.0,130.06134969325154,NLTC Perera,37.0,97.82920245398773
CL White,971.0,774.0,125.45219638242895,CL White,1.0,97.69782945736435
TU Deshpande,54.0,38.0,142.10526315789474,TU Deshpande,60.0,97.63578947368421
TG Southee,120.0,108.0,111.11111111111111,TG Southee,57.0,94.66666666666666
A Nortje,49.0,52.0,94.23076923076923,A Nortje,63.0,93.65461538461537
S Gopal,180.0,173.0,104.04624277456647,S Gopal,53.0,93.60693641618496
P Negi,365.0,301.0,121.26245847176081,P Negi,38.0,92.98936877076412
Abdul Samad,859.0,598.0,143.6454849498328,Abdul Samad,2.0,92.66682274247492
M Muralitharan,20.0,30.0,66.66666666666666,M Muralitharan,67.0,91.99999999999999
A Raghuvanshi,885.0,628.0,140.9235668789809,,0.0,91.93853503184712
RD Rickelton,836.0,513.0,162.96296296296296,,0.0,91.32444444444444
M Jansen,192.0,186.0,103.2258064516129,M Jansen,47.0,87.24387096774194
Azhar Mahmood,388.0,311.0,124.7588424437299,Azhar Mahmood,31.0,86.95382636655947
HH Gibbs,886.0,837.0,105.8542413381123,,0.0,86.75813620071685
S Kaul,20.0,36.0,55.55555555555556,S Kaul,63.0,85.53333333333333
NM Coulter-Nile,82.0,75.0,109.33333333333333,NM Coulter-Nile,52.0,85.36
Noor Ahmad,31.0,59.0,52.54237288135594,Noor Ahmad,62.0,84.76135593220339
M Shahrukh Khan,775.0,551.0,140.65335753176043,M Shahrukh Khan,1.0,84.29800362976407
WG Jacks,602.0,385.0,156.36363636363637,WG Jacks,10.0,83.61454545454546
N Wadhera,784.0,583.0,134.47684391080617,N Wadhera,0.0,82.89152658662093
Abishek Porel,769.0,548.0,140.32846715328466,,0.0,82.56927007299271
AJ Tye,91.0,79.0,115.18987341772151,AJ Tye,48.0,82.15848101265823
Naman Dhir,710.0,444.0,159.9099099099099,Naman Dhir,1.0,81.9864864864865
J Botha,409.0,364.0,112.36263736263736,J Botha,27.0,81.9743956043956
AM Nayar,672.0,588.0,114.28571428571428,AM Nayar,9.0,81.70285714285714
Harpreet Brar,249.0,217.0,114.74654377880185,Harpreet Brar,37.0,81.53198156682028
RJ Harris,117.0,112.0,104.46428571428572,RJ Harris,47.0,81.42964285714285
JD Ryder,604.0,466.0,129.6137339055794,JD Ryder,11.0,80.96206008583691
MS Bisla,798.0,737.0,108.27679782903662,,0.0,80.08151967435549
SN Khan,746.0,556.0,134.17266187050362,SN Khan,0.0,79.80589928057555
TL Suman,676.0,587.0,115.1618398637138,TL Suman,7.0,79.75427597955706
CJ Anderson,538.0,436.0,123.39449541284404,CJ Anderson,14.0,78.3491743119266
KK Cooper,116.0,70.0,165.71428571428572,KK Cooper,36.0,77.33714285714285
S Aravind,59.0,59.0,100.0,S Aravind,48.0,77.32
Iqbal Abdulla,88.0,86.0,102.32558139534885,Iqbal Abdulla,45.0,76.38883720930232
SB Jakati,28.0,30.0,93.33333333333333,SB Jakati,50.0,76.24
PWH de Silva,81.0,95.0,85.26315789473684,PWH de Silva,47.0,75.66947368421052
MF Maharoof,177.0,124.0,142.74193548387098,MF Maharoof,33.0,75.17129032258065
GC Smith,739.0,691.0,106.9464544138929,,0.0,75.16196816208394
RS Bopara,531.0,468.0,113.46153846153845,RS Bopara,13.0,75.09923076923077
S Nadeem,39.0,88.0,44.31818181818182,S Nadeem,54.0,74.56772727272727
MS Gony,99.0,76.0,130.26315789473685,MS Gony,39.0,74.25947368421052
A Kumble,35.0,49.0,71.42857142857143,A Kumble,49.0,72.31428571428572
E Lewis,654.0,499.0,131.06212424849699,,0.0,71.97931863727455
M Kartik,113.0,109.0,103.6697247706422,M Kartik,39.0,71.39045871559632
GJ Bailey,663.0,552.0,120.1086956521739,,0.0,71.05630434782609
D Brevis,606.0,432.0,140.27777777777777,D Brevis,1.0,70.72166666666668
AB Agarkar,179.0,160.0,111.87499999999999,AB Agarkar,33.0,70.70125
Mukesh Kumar,10.0,20.0,50.0,Mukesh Kumar,52.0,70.7
Harshit Rana,59.0,57.0,103.50877192982458,Harshit Rana,42.0,70.64631578947368
JR Hopes,417.0,314.0,132.80254777070064,JR Hopes,14.0,70.08038216560509
LR Shukla,405.0,358.0,113.12849162011173,LR Shukla,17.0,69.76927374301675
VR Aaron,50.0,73.0,68.4931506849315,VR Aaron,46.0,69.47397260273972
K Gowtham,247.0,159.0,155.34591194968556,K Gowtham,22.0,69.46188679245284
R Shepherd,268.0,161.0,166.45962732919256,R Shepherd,19.0,69.20894409937888
JJ Roy,614.0,460.0,133.47826086956522,,0.0,69.14173913043479
Ashutosh Sharma,564.0,356.0,158.42696629213484,,0.0,68.88404494382021
R Sharma,66.0,77.0,85.71428571428571,R Sharma,42.0,68.53714285714285
JP Inglis,544.0,328.0,165.85365853658536,,0.0,68.39804878048781
VG Arora,10.0,28.0,35.714285714285715,VG Arora,51.0,67.35714285714285
DE Bollinger,21.0,23.0,91.30434782608695,DE Bollinger,43.0,66.97565217391305
A Kamboj,74.0,55.0,134.54545454545453,A Kamboj,34.0,66.90181818181819
HM Amla,577.0,418.0,138.03827751196172,,0.0,66.86574162679426
A Ashish Reddy,280.0,196.0,142.85714285714286,A Ashish Reddy,19.0,66.62857142857143
PC Valthaty,505.0,432.0,116.89814814814814,PC Valthaty,7.0,66.33472222222223
R Dhawan,210.0,188.0,111.70212765957446,R Dhawan,27.0,65.95531914893616
R Powell,555.0,409.0,135.69682151589242,R Powell,1.0,65.95452322738386
DL Vettori,121.0,118.0,102.54237288135593,DL Vettori,34.0,65.8613559322034
MK Lomror,527.0,389.0,135.47557840616966,MK Lomror,2.0,64.88133676092545
CJ Jordan,81.0,81.0,100.0,CJ Jordan,36.0,64.67999999999999
M Markande,48.0,44.0,109.09090909090908,M Markande,37.0,64.60363636363635
WD Parnell,65.0,86.0,75.5813953488372,WD Parnell,40.0,64.53720930232558
Gurkeerat Singh,511.0,436.0,117.20183486238531,Gurkeerat Singh,5.0,64.46027522935779
B Lee,124.0,102.0,121.56862745098039,B Lee,30.0,64.15529411764706
Bipul Sharma,187.0,124.0,150.80645161290323,Bipul Sharma,22.0,63.98096774193548
,0.0,0.0,0.0,M Pathirana,53.0,63.599999999999994
MJ Santner,136.0,132.0,103.03030303030303,MJ Santner,31.0,63.53454545454545
S Sreesanth,34.0,57.0,59.64912280701754,S Sreesanth,43.0,63.26736842105263
PJ Sangwan,26.0,47.0,55.319148936170215,PJ Sangwan,44.0,63.17787234042553
SE Rutherford,520.0,393.0,132.31552162849874,SE Rutherford,1.0,62.64732824427482
C Connolly,491.0,316.0,155.37974683544306,,0.0,62.58696202531646
L Ngidi,4.0,9.0,44.44444444444444,L Ngidi,46.0,62.18666666666666
A Mhatre,441.0,250.0,176.4,,0.0,61.74
Harmeet Singh,18.0,12.0,150.0,Harmeet Singh,31.0,61.14
Yash Dayal,4.0,9.0,44.44444444444444,Yash Dayal,45.0,60.986666666666665
Umran Malik,23.0,16.0,143.75,Umran Malik,31.0,60.60249999999999
RR Rossouw,473.0,321.0,147.35202492211837,,0.0,59.942803738317764
Mohsin Khan,25.0,31.0,80.64516129032258,Mohsin Khan,38.0,59.696774193548386
RE van der Merwe,159.0,144.0,110.41666666666667,RE van der Merwe,25.0,59.2825
J Fraser-McGurk,385.0,203.0,189.6551724137931,,0.0,59.248275862068965
OA Shah,506.0,405.0,124.93827160493827,,0.0,59.220740740740744
SW Billings,503.0,399.0,126.06516290726817,,0.0,59.149774436090226
FH Allen,349.0,168.0,207.73809523809524,,0.0,59.080714285714286
CR Woakes,78.0,77.0,101.29870129870129,CR Woakes,31.0,58.63480519480519
DJG Sammy,295.0,251.0,117.52988047808766,DJG Sammy,14.0,58.02948207171315
R Sai Kishore,18.0,16.0,112.5,R Sai Kishore,33.0,57.915000000000006
BCJ Cutting,238.0,146.0,163.013698630137,BCJ Cutting,12.0,57.89205479452054
Kartik Tyagi,24.0,26.0,92.3076923076923,Kartik Tyagi,35.0,57.76615384615384
P Awana,5.0,14.0,35.714285714285715,P Awana,43.0,57.35714285714286
M Manhas,514.0,486.0,105.76131687242798,M Manhas,0.0,56.98419753086419
Shivam Mavi,51.0,58.0,87.93103448275862,Shivam Mavi,33.0,56.86965517241379
Mohammad Nabi,221.0,157.0,140.76433121019107,Mohammad Nabi,15.0,56.79464968152866
CR Brathwaite,181.0,120.0,150.83333333333334,CR Brathwaite,16.0,56.30500000000001
Arshad Khan,142.0,102.0,139.2156862745098,Arshad Khan,20.0,56.24235294117647
M Ashwin,35.0,50.0,70.0,M Ashwin,35.0,55.3
V Nigam,157.0,92.0,170.65217391304347,V Nigam,14.0,54.957826086956516
Sameer Rizvi,424.0,304.0,139.4736842105263,,0.0,54.84105263157895
Rasikh Salam,43.0,43.0,100.0,Rasikh Salam,30.0,54.44
R Ravindra,413.0,298.0,138.59060402684565,R Ravindra,0.0,53.82859060402684
Auqib Nabi,14.0,4.0,350.0,Auqib Nabi,0.0,53.62
Ramandeep Singh,299.0,212.0,141.03773584905662,Ramandeep Singh,7.0,53.47566037735849
D Wiese,148.0,105.0,140.95238095238096,D Wiese,17.0,53.38285714285714
JEC Franklin,327.0,309.0,105.8252427184466,JEC Franklin,9.0,52.833786407766986
Lalit Yadav,305.0,301.0,101.32890365448506,Lalit Yadav,11.0,52.79933554817276
Vijaykumar Vyshak,16.0,17.0,94.11764705882352,Vijaykumar Vyshak,31.0,52.597647058823526
C de Grandhomme,303.0,229.0,132.31441048034935,C de Grandhomme,7.0,52.48716157205241
D Ferreira,326.0,195.0,167.17948717948718,D Ferreira,1.0,52.35692307692308
AL Menaria,401.0,367.0,109.26430517711172,AL Menaria,3.0,52.06964577656676
M Theekshana,17.0,34.0,50.0,M Theekshana,36.0,52.059999999999995
J Overton,151.0,98.0,154.08163265306123,J Overton,14.0,51.99224489795918
SA Asnodkar,423.0,352.0,120.17045454545455,,0.0,51.86556818181818
Azmatullah Omarzai,151.0,105.0,143.8095238095238,Azmatullah Omarzai,15.0,51.65142857142857
KR Mayers,379.0,276.0,137.31884057971016,KR Mayers,0.0,50.917826086956524
Umar Gul,39.0,19.0,205.26315789473685,Umar Gul,14.0,50.70947368421052
DP Nannes,4.0,13.0,30.76923076923077,DP Nannes,38.0,50.535384615384615
RN ten Doeschate,326.0,238.0,136.9747899159664,RN ten Doeschate,3.0,50.226218487394966
MV Boucher,394.0,318.0,123.89937106918238,,0.0,50.104905660377355
N Burger,14.0,9.0,155.55555555555557,N Burger,21.0,49.653333333333336
WPUJC Vaas,81.0,73.0,110.95890410958904,WPUJC Vaas,22.0,49.523835616438355
Sohail Tanvir,36.0,31.0,116.12903225806453,Sohail Tanvir,24.0,49.09935483870967
A Zampa,15.0,25.0,60.0,A Zampa,32.0,48.599999999999994
DB Ravi Teja,375.0,325.0,115.38461538461537,DB Ravi Teja,1.0,48.50769230769231
DJ Mitchell,351.0,274.0,128.1021897810219,DJ Mitchell,1.0,48.495328467153286
E Malinga,7.0,18.0,38.88888888888889,E Malinga,35.0,48.39333333333333
Rahmanullah Gurbaz,363.0,283.0,128.26855123674912,,0.0,48.28028268551236
Aniket Verma,315.0,205.0,153.65853658536585,,0.0,48.24878048780488
C Bosch,97.0,63.0,153.96825396825398,C Bosch,14.0,47.65523809523809
S Sohal,368.0,311.0,118.32797427652733,,0.0,47.1891961414791
L Wood,9.0,3.0,300.0,L Wood,1.0,46.92
Navdeep Saini,33.0,38.0,86.8421052631579,Navdeep Saini,26.0,46.86631578947369
Mukesh Choudhary,8.0,8.0,100.0,Mukesh Choudhary,26.0,46.84
GB Hogg,22.0,22.0,100.0,GB Hogg,25.0,46.760000000000005
Basil Thampi,32.0,37.0,86.48648648648648,Basil Thampi,26.0,46.73297297297297
J Suchith,70.0,62.0,112.90322580645163,J Suchith,20.0,46.535483870967745
SM Pollock,147.0,116.0,126.72413793103448,SM Pollock,13.0,46.368620689655174
SW Tait,23.0,26.0,88.46153846153845,SW Tait,26.0,46.309230769230766
B Stanlake,5.0,2.0,250.0,B Stanlake,7.0,46.3
R Sathish,270.0,236.0,114.40677966101696,R Sathish,6.0,45.96101694915255
CA Pujara,390.0,403.0,96.7741935483871,,0.0,45.71612903225807
P Nissanka,278.0,180.0,154.44444444444446,,0.0,45.406666666666666
AP Tare,339.0,285.0,118.94736842105263,,0.0,44.962105263157895
Urvil Patel,197.0,102.0,193.13725490196077,,0.0,44.730588235294114
AB McDonald,123.0,103.0,119.41747572815532,AB McDonald,14.0,44.552621359223295
AS Roy,78.0,66.0,118.18181818181819,AS Roy,17.0,44.36727272727273
AD Mascarenhas,79.0,79.0,100.0,AD Mascarenhas,19.0,44.120000000000005
Kartik Sharma,295.0,220.0,134.0909090909091,,0.0,43.71363636363637
Shahid Afridi,81.0,46.0,176.08695652173913,Shahid Afridi,9.0,43.69304347826086
TK Curran,127.0,108.0,117.59259259259258,TK Curran,13.0,43.398888888888884
Y Nagar,285.0,271.0,105.1660516605166,Y Nagar,4.0,43.37490774907749
MJ Lumb,278.0,198.0,140.4040404040404,,0.0,43.30060606060606
CRD Fernando,4.0,3.0,133.33333333333331,CRD Fernando,19.0,43.12
KT Maphaka,8.0,3.0,266.66666666666663,KT Maphaka,2.0,43.03999999999999
Naveen-ul-Haq,18.0,26.0,69.23076923076923,Naveen-ul-Haq,26.0,43.02461538461538
R McLaren,159.0,178.0,89.32584269662921,R McLaren,14.0,42.918876404494384
PBB Rajapaksa,277.0,201.0,137.81094527363186,,0.0,42.831641791044774
Anuj Rawat,318.0,276.0,115.21739130434783,,0.0,42.72260869565217
MJ Guptill,271.0,197.0,137.56345177664974,,0.0,42.31451776649746
LA Pomersbach,302.0,251.0,120.3187250996016,,0.0,42.20780876494024
Akash Deep,25.0,14.0,178.57142857142858,Akash Deep,11.0,41.98571428571429
PV Tambe,18.0,39.0,46.15384615384615,PV Tambe,28.0,41.963076923076926
KW Richardson,36.0,39.0,92.3076923076923,KW Richardson,21.0,41.926153846153845
Atharva Taide,260.0,188.0,138.29787234042556,Atharva Taide,0.0,41.54468085106383
DB Das,304.0,267.0,113.85767790262172,,0.0,41.39865168539326
PD Collingwood,203.0,159.0,127.67295597484276,PD Collingwood,5.0,41.39094339622642
A Manohar,292.0,243.0,120.16460905349795,,0.0,41.384691358024696
AS Joseph,27.0,32.0,84.375,AS Joseph,22.0,41.21625
KA Jamieson,77.0,74.0,104.05405405405406,KA Jamieson,16.0,40.96810810810811
AN Ahmed,36.0,27.0,133.33333333333331,AN Ahmed,15.0,40.879999999999995
Akash Madhwal,8.0,14.0,57.14285714285714,Akash Madhwal,26.0,40.41142857142857
AS Rajpoot,26.0,41.0,63.41463414634146,AS Rajpoot,24.0,40.39219512195122
A Singh,2.0,10.0,20.0,A Singh,31.0,40.36
Ankit Sharma,87.0,69.0,126.08695652173914,Ankit Sharma,12.0,40.273043478260874
SB Dubey,220.0,148.0,148.64864864864865,,0.0,39.8972972972973
Anureet Singh,36.0,47.0,76.59574468085107,Anureet Singh,21.0,39.56936170212766
VRV Singh,4.0,3.0,133.33333333333331,VRV Singh,16.0,39.519999999999996
R Rampaul,51.0,52.0,98.07692307692307,R Rampaul,17.0,39.19153846153846
RR Powar,67.0,64.0,104.6875,RR Powar,15.0,39.063125
B Chipli,280.0,256.0,109.375,B Chipli,0.0,38.806250000000006
MN Samuels,161.0,174.0,92.52873563218391,MN Samuels,10.0,38.75931034482758
JDP Oram,106.0,110.0,96.36363636363636,JDP Oram,13.0,38.53454545454545
PVD Chameera,53.0,49.0,108.16326530612245,PVD Chameera,15.0,38.46448979591837
PK Garg,273.0,247.0,110.5263157894737,,0.0,38.41894736842106
UBT Chand,300.0,314.0,95.54140127388536,,0.0,38.3312101910828
SM Katich,241.0,191.0,126.17801047120419,,0.0,38.20670157068063
VVS Laxman,282.0,271.0,104.0590405904059,,0.0,38.16885608856089
Mujeeb Ur Rahman,12.0,15.0,80.0,Mujeeb Ur Rahman,21.0,38.16
OC McCoy,8.0,5.0,160.0,OC McCoy,11.0,37.84
SP Goswami,293.0,307.0,95.43973941368078,,0.0,37.75596091205212
Sikandar Raza,182.0,143.0,127.27272727272727,Sikandar Raza,3.0,37.25090909090909
Suryansh Shedge,165.0,104.0,158.65384615384613,Suryansh Shedge,0.0,36.99807692307692
JP Behrendorff,6.0,9.0,66.66666666666666,JP Behrendorff,22.0,36.879999999999995
GH Vihari,284.0,331.0,85.80060422960725,GH Vihari,1.0,36.790090634441086
Prince Yadav,5.0,12.0,41.66666666666667,Prince Yadav,25.0,36.65
SD Hope,183.0,125.0,146.4,,0.0,36.6
AC Thomas,20.0,19.0,105.26315789473684,AC Thomas,16.0,36.589473684210525
NT Ellis,19.0,26.0,73.07692307692307,NT Ellis,20.0,36.48153846153846
Joginder Sharma,36.0,30.0,120.0,Joginder Sharma,13.0,36.48
SR Dubey,4.0,2.0,200.0,SR Dubey,5.0,36.32
AJ Hosein,21.0,14.0,150.0,AJ Hosein,10.0,36.18
LJ Wright,106.0,63.0,168.25396825396825,LJ Wright,2.0,36.118095238095236
,0.0,0.0,0.0,Yash Thakur,30.0,36.0
SB Styris,131.0,134.0,97.76119402985076,SB Styris,9.0,35.94417910447761
M Kaif,259.0,258.0,100.3875968992248,,0.0,35.77813953488372
MD Mishra,237.0,213.0,111.26760563380283,,0.0,35.650140845070425
VY Mahesh,15.0,28.0,53.57142857142857,VY Mahesh,22.0,35.635714285714286
BB Sran,10.0,14.0,71.42857142857143,BB Sran,20.0,35.51428571428571
D Pretorius,44.0,28.0,157.14285714285714,D Pretorius,7.0,35.49142857142857
C Sakariya,20.0,31.0,64.51612903225806,C Sakariya,20.0,35.27741935483871
DR Sams,44.0,48.0,91.66666666666666,DR Sams,15.0,35.269999999999996
BJ Rohrer,193.0,146.0,132.1917808219178,BJ Rohrer,0.0,35.26876712328767
Kamran Akmal,128.0,78.0,164.1025641025641,,0.0,34.855384615384615
,0.0,0.0,0.0,Suyash Sharma,29.0,34.8
AC Voges,181.0,143.0,126.57342657342659,AC Voges,1.0,34.66601398601399
G Coetzee,31.0,33.0,93.93939393939394,G Coetzee,15.0,34.57090909090909
MD Choudhary,170.0,122.0,139.34426229508196,,0.0,34.501639344262294
B Akhil,76.0,57.0,133.33333333333331,B Akhil,7.0,34.48
Harsh Dubey,13.0,11.0,118.18181818181819,Harsh Dubey,13.0,34.36727272727273
KS Bharat,199.0,168.0,118.45238095238095,,0.0,33.68785714285714
AA Jhunjhunwala,217.0,218.0,99.54128440366972,AA Jhunjhunwala,1.0,33.49119266055046
JG Bethell,163.0,120.0,135.83333333333334,,0.0,33.415
SJ Srivastava,5.0,5.0,100.0,SJ Srivastava,15.0,33.4
Shivang Kumar,53.0,50.0,106.0,Shivang Kumar,11.0,33.34
CA Ingram,205.0,183.0,112.02185792349727,,0.0,33.20327868852459
HC Brook,190.0,159.0,119.49685534591194,,0.0,33.12452830188679
SP Fleming,196.0,171.0,114.61988304093566,,0.0,32.87298245614035
M Tiwari,21.0,12.0,175.0,M Tiwari,4.0,32.73
Sachin Baby,144.0,123.0,117.07317073170731,Sachin Baby,3.0,32.680975609756096
KMDN Kulasekara,5.0,3.0,166.66666666666669,KMDN Kulasekara,6.0,32.6
C Munro,177.0,144.0,122.91666666666667,C Munro,0.0,32.5975
AS Raut,194.0,172.0,112.79069767441861,AS Raut,0.0,32.43860465116279
XC Bartlett,40.0,29.0,137.93103448275863,XC Bartlett,7.0,32.289655172413795
Salman Butt,193.0,172.0,112.20930232558139,,0.0,32.27139534883721
MA Wood,12.0,10.0,120.0,MA Wood,11.0,32.16
S Arora,121.0,81.0,149.3827160493827,,0.0,32.087407407407404
Yudhvir Singh,22.0,16.0,137.5,Yudhvir Singh,8.0,31.985
A Mithun,34.0,26.0,130.76923076923077,A Mithun,8.0,31.935384615384613
MN van Wyk,167.0,135.0,123.7037037037037,,0.0,31.915555555555553
JDS Neesham,92.0,93.0,98.9247311827957,JDS Neesham,8.0,31.798709677419353
S Vidyut,145.0,115.0,126.08695652173914,S Vidyut,1.0,31.713043478260868
JL Pattinson,15.0,13.0,115.38461538461537,JL Pattinson,11.0,31.707692307692305
DH Yagnik,170.0,142.0,119.71830985915493,,0.0,31.55774647887324
MW Short,177.0,153.0,115.68627450980394,MW Short,0.0,31.51294117647059
I Udana,15.0,11.0,136.36363636363635,I Udana,8.0,31.25454545454545
FY Fazal,183.0,179.0,102.23463687150837,FY Fazal,1.0,31.175195530726253
K Goel,218.0,239.0,91.21338912133892,K Goel,0.0,31.122008368200838
YV Takawale,192.0,183.0,104.91803278688525,,0.0,31.097704918032786
AP Dole,34.0,23.0,147.82608695652172,AP Dole,5.0,30.893913043478257
Misbah-ul-Haq,117.0,82.0,142.6829268292683,,0.0,30.762439024390243
GD Phillips,132.0,112.0,117.85714285714286,GD Phillips,2.0,30.638571428571424
AD Hales,148.0,119.0,124.36974789915966,,0.0,30.495462184873947
J Syed Mohammad,29.0,27.0,107.40740740740742,J Syed Mohammad,10.0,30.43111111111111
RS Sodhi,4.0,2.0,200.0,,0.0,30.32
Ravi Singh,4.0,2.0,200.0,,0.0,30.32
Sakib Hussain,5.0,7.0,71.42857142857143,Sakib Hussain,16.0,30.314285714285713
Shivam Sharma,5.0,3.0,166.66666666666669,Shivam Sharma,4.0,30.200000000000003
J Yadav,40.0,38.0,105.26315789473684,J Yadav,9.0,29.78947368421052
MG Bracewell,58.0,49.0,118.36734693877551,MG Bracewell,6.0,29.595102040816325
CK Langeveldt,8.0,9.0,88.88888888888889,CK Langeveldt,13.0,29.57333333333333
CM Gautam,169.0,158.0,106.9620253164557,,0.0,29.56430379746835
MS Wade,183.0,185.0,98.91891891891892,,0.0,29.47783783783784
AC Blizzard,120.0,91.0,131.86813186813185,,0.0,29.380219780219775
S Narwal,37.0,29.0,127.58620689655173,S Narwal,6.0,29.297931034482758
GD McGrath,4.0,5.0,80.0,GD McGrath,14.0,29.12
Swapnil Singh,51.0,46.0,110.86956521739131,Swapnil Singh,7.0,29.110434782608692
Anmolpreet Singh,139.0,117.0,118.80341880341881,,0.0,28.940512820512822
BA Bhatt,6.0,7.0,85.71428571428571,BA Bhatt,13.0,28.937142857142856
PHKD Mendis,92.0,72.0,127.77777777777777,PHKD Mendis,2.0,28.926666666666662
BKG Mendis,20.0,11.0,181.8181818181818,,0.0,28.87272727272727
KC Cariappa,24.0,21.0,114.28571428571428,KC Cariappa,8.0,28.662857142857142
N Jagadeesan,162.0,155.0,104.51612903225806,,0.0,28.63741935483871
Karanveer Singh,12.0,17.0,70.58823529411765,Karanveer Singh,14.0,28.348235294117647
UT Khawaja,127.0,105.0,120.95238095238095,,0.0,28.302857142857142
AM Ghazanfar,2.0,3.0,66.66666666666666,AM Ghazanfar,15.0,28.159999999999997
DS Rathi,3.0,9.0,33.33333333333333,DS Rathi,19.0,28.04
J Theron,10.0,13.0,76.92307692307693,J Theron,13.0,27.93846153846154
PA Reddy,164.0,167.0,98.20359281437125,,0.0,27.850538922155685
KJ Abbott,13.0,8.0,162.5,KJ Abbott,2.0,27.814999999999998
OF Smith,51.0,50.0,102.0,OF Smith,7.0,27.78
S Anirudha,136.0,121.0,112.39669421487604,,0.0,27.739504132231403
,0.0,0.0,0.0,BW Hilfenhaus,23.0,27.599999999999998
DJM Short,115.0,102.0,112.74509803921569,DJM Short,1.0,27.31176470588235
PN Mankad,97.0,75.0,129.33333333333331,,0.0,27.159999999999997
P Sahu,19.0,13.0,146.15384615384613,P Sahu,3.0,27.043076923076917
AA Chavan,12.0,11.0,109.09090909090908,AA Chavan,8.0,26.923636363636362
I Malhotra,7.0,4.0,175.0,I Malhotra,0.0,26.81
SS Prabhudessai,126.0,113.0,111.50442477876106,,0.0,26.80566371681416
MJ Clarke,98.0,96.0,102.08333333333333,MJ Clarke,3.0,26.752499999999998
A Choudhary,25.0,20.0,125.0,A Choudhary,5.0,26.75
Arjun Tendulkar,18.0,14.0,128.57142857142858,Arjun Tendulkar,5.0,26.72571428571429
RR Raje,20.0,18.0,111.11111111111111,RR Raje,7.0,26.66666666666667
Vivrant Sharma,69.0,49.0,140.81632653061226,Vivrant Sharma,0.0,26.642448979591837
SD Chitnis,99.0,92.0,107.6086956521739,SD Chitnis,2.0,26.461304347826086
MD Shanaka,89.0,74.0,120.27027027027026,MD Shanaka,1.0,26.360540540540537
BB Samantray,125.0,116.0,107.75862068965519,,0.0,26.163793103448278
HR Shokeen,66.0,67.0,98.50746268656717,HR Shokeen,5.0,26.056119402985075
Kamran Khan,3.0,5.0,60.0,Kamran Khan,14.0,26.04
Himmat Singh,92.0,74.0,124.32432432432432,,0.0,26.00864864864865
BJ Haddin,18.0,11.0,163.63636363636365,,0.0,25.985454545454548
PR Veer,90.0,72.0,125.0,PR Veer,0.0,25.95
ER Dwivedi,24.0,15.0,160.0,,0.0,25.92
AG Murtaza,10.0,14.0,71.42857142857143,AG Murtaza,12.0,25.91428571428571
N Saini,140.0,143.0,97.9020979020979,,0.0,25.885314685314686
GF Linde,31.0,21.0,147.61904761904762,GF Linde,1.0,25.822857142857142
AUK Pathan,39.0,26.0,150.0,AUK Pathan,0.0,25.62
W Jaffer,130.0,129.0,100.7751937984496,,0.0,25.516279069767442
LPC Silva,40.0,27.0,148.14814814814815,LPC Silva,0.0,25.42222222222222
K Kartikeya,12.0,18.0,66.66666666666666,K Kartikeya,12.0,25.359999999999996
RV Gomez,50.0,53.0,94.33962264150944,RV Gomez,6.0,25.350943396226416
Harpreet Singh,123.0,119.0,103.36134453781514,,0.0,25.34420168067227
RP Meredith,0.0,3.0,0.0,RP Meredith,21.0,25.2
Simarjeet Singh,10.0,15.0,66.66666666666666,Simarjeet Singh,12.0,25.199999999999996
TR Birt,75.0,59.0,127.11864406779661,,0.0,25.06779661016949
DJ Willey,53.0,64.0,82.8125,DJ Willey,7.0,25.061875
DJ Harris,111.0,103.0,107.76699029126213,DJ Harris,0.0,25.04504854368932
Aman Hakim Khan,115.0,109.0,105.50458715596329,Aman Hakim Khan,0.0,25.025688073394495
MP Yadav,5.0,6.0,83.33333333333334,MP Yadav,10.0,24.900000000000002
LA Carseldine,81.0,71.0,114.08450704225352,LA Carseldine,1.0,24.792676056338028
SU Parakh,46.0,33.0,139.3939393939394,,0.0,24.58909090909091
DAJ Bracewell,12.0,9.0,133.33333333333331,DAJ Bracewell,3.0,24.559999999999995
D Salunkhe,33.0,24.0,137.5,D Salunkhe,1.0,24.465
Brijesh Sharma,2.0,4.0,50.0,Brijesh Sharma,14.0,24.46
NK Patel,121.0,124.0,97.58064516129032,,0.0,24.317096774193548
Sunny Singh,43.0,31.0,138.70967741935485,,0.0,24.24645161290323
AF Milne,25.0,33.0,75.75757575757575,AF Milne,9.0,24.16363636363636
MC Juneja,125.0,134.0,93.28358208955224,,0.0,23.992537313432834
S Rana,91.0,82.0,110.97560975609757,S Rana,0.0,23.926341463414637
AP Majumdar,87.0,77.0,112.98701298701299,,0.0,23.90805194805195
KMA Paul,18.0,26.0,69.23076923076923,KMA Paul,10.0,23.824615384615385
Salil Arora,35.0,25.0,140.0,,0.0,23.8
SB Bangar,49.0,58.0,84.48275862068965,SB Bangar,6.0,23.792413793103446
A Flintoff,62.0,57.0,108.77192982456141,A Flintoff,2.0,23.675789473684212
P Dogra,127.0,141.0,90.0709219858156,,0.0,23.67063829787234
AU Rashid,22.0,17.0,129.41176470588235,AU Rashid,2.0,23.57176470588235
N Sindhu,63.0,51.0,123.52941176470588,,0.0,23.56941176470588
RE Levi,83.0,74.0,112.16216216216218,,0.0,23.464324324324327
DG Nalkande,12.0,12.0,100.0,DG Nalkande,6.0,23.16
JPR Scantlebury-Searles,8.0,6.0,133.33333333333331,JPR Scantlebury-Searles,2.0,23.039999999999996
Ashwani Kumar,1.0,6.0,16.666666666666664,Ashwani Kumar,17.0,22.979999999999997
RJ Quiney,103.0,105.0,98.09523809523809,,0.0,22.95428571428571
IC Pandey,0.0,2.0,0.0,IC Pandey,19.0,22.8
V Viyaskanth,7.0,5.0,140.0,V Viyaskanth,1.0,22.759999999999998
VS Malik,7.0,7.0,100.0,VS Malik,6.0,22.759999999999998
Pankaj Singh,7.0,12.0,58.333333333333336,Pankaj Singh,11.0,22.509999999999998
Shoaib Malik,52.0,49.0,106.12244897959184,Shoaib Malik,2.0,22.478367346938775
T Thushara,12.0,19.0,63.1578947368421,T Thushara,10.0,22.433684210526316
TS Mills,8.0,14.0,57.14285714285714,TS Mills,11.0,22.411428571428573
Sediqullah Atal,22.0,16.0,137.5,,0.0,22.385
R Shukla,19.0,23.0,82.6086956521739,R Shukla,7.0,22.311304347826088
AS Yadav,49.0,40.0,122.50000000000001,,0.0,22.295
RV Patel,80.0,76.0,105.26315789473684,RV Patel,0.0,22.189473684210526
A Chandila,4.0,7.0,57.14285714285714,A Chandila,11.0,22.091428571428573
S Badree,13.0,25.0,52.0,S Badree,11.0,22.04
PP Hinge,3.0,9.0,33.33333333333333,PP Hinge,14.0,22.04
Vishnu Vinod,71.0,66.0,107.57575757575756,,0.0,21.816363636363633
DNT Zoysa,11.0,9.0,122.22222222222223,DNT Zoysa,2.0,21.61333333333333
RA Bawa,35.0,32.0,109.375,RA Bawa,2.0,21.60625
PR Shah,92.0,97.0,94.84536082474226,,0.0,21.58680412371134
SK Rasheed,71.0,67.0,105.97014925373134,,0.0,21.5755223880597
SA Abbott,22.0,18.0,122.22222222222223,SA Abbott,1.0,21.293333333333333
JM Kemp,26.0,25.0,104.0,JM Kemp,3.0,21.28
RJ Peterson,32.0,32.0,100.0,RJ Peterson,3.0,21.159999999999997
DJ Jacobs,92.0,101.0,91.0891089108911,,0.0,21.023366336633664
K Upadhyay,12.0,9.0,133.33333333333331,K Upadhyay,0.0,20.959999999999997
SP Jackson,61.0,57.0,107.01754385964912,,0.0,20.932631578947365
JJ van der Wath,18.0,17.0,105.88235294117648,JJ van der Wath,3.0,20.92235294117647
DA Payne,6.0,5.0,120.0,DA Payne,2.0,20.88
JR Philippe,78.0,80.0,97.5,,0.0,20.865000000000002
KP Appanna,2.0,4.0,50.0,KP Appanna,11.0,20.86
AD Nath,90.0,99.0,90.9090909090909,,0.0,20.836363636363636
MA Khote,24.0,22.0,109.09090909090908,MA Khote,2.0,20.68363636363636
P Chopra,8.0,6.0,133.33333333333331,,0.0,20.639999999999997
Gulbadin Naib,19.0,15.0,126.66666666666666,Gulbadin Naib,0.0,20.519999999999996
SMSM Senanayake,10.0,17.0,58.82352941176471,SMSM Senanayake,9.0,20.423529411764704
T Taibu,31.0,26.0,119.23076923076923,,0.0,20.364615384615384
WA Mota,56.0,76.0,73.68421052631578,WA Mota,4.0,20.332631578947368
CJ Ferguson,98.0,119.0,82.35294117647058,,0.0,20.192941176470587
DP Vijaykumar,1.0,1.0,100.0,DP Vijaykumar,4.0,19.88
RR Sarwan,73.0,78.0,93.58974358974359,,0.0,19.878461538461536
M Klinger,73.0,78.0,93.58974358974359,,0.0,19.878461538461536
BR Dunk,40.0,36.0,111.11111111111111,,0.0,19.866666666666667
FH Edwards,4.0,5.0,80.0,FH Edwards,6.0,19.52
M Ntini,11.0,19.0,57.89473684210527,M Ntini,8.0,19.16421052631579
Arshad Khan (2),5.0,4.0,125.0,Arshad Khan (2),0.0,19.15
AT Carey,32.0,29.0,110.34482758620689,,0.0,19.11172413793103
VH Zol,29.0,26.0,111.53846153846155,,0.0,19.05076923076923
Sanvir Singh,25.0,22.0,113.63636363636364,,0.0,19.045454545454547
SH Johnson,8.0,12.0,66.66666666666666,SH Johnson,7.0,19.04
NL McCullum,26.0,23.0,113.04347826086956,NL McCullum,0.0,19.036521739130436
Mohammad Hafeez,64.0,84.0,76.19047619047619,Mohammad Hafeez,2.0,18.948571428571427
TL Seifert,45.0,44.0,102.27272727272727,,0.0,18.94090909090909
Parvez Rasool,17.0,20.0,85.0,Parvez Rasool,4.0,18.91
Jaskaran Singh,8.0,11.0,72.72727272727273,Jaskaran Singh,6.0,18.74909090909091
Anirudh Singh,63.0,69.0,91.30434782608695,,0.0,18.735652173913042
S Tyagi,3.0,4.0,75.0,S Tyagi,6.0,18.689999999999998
JE Taylor,3.0,4.0,75.0,JE Taylor,6.0,18.689999999999998
MP Breetzke,14.0,12.0,116.66666666666667,,0.0,18.62
Mohammad Asif,3.0,6.0,50.0,Mohammad Asif,9.0,18.54
BAW Mendis,3.0,6.0,50.0,BAW Mendis,9.0,18.54
KB Arun Karthik,51.0,53.0,96.22641509433963,,0.0,18.513962264150944
SD Lad,15.0,13.0,115.38461538461537,,0.0,18.507692307692306
DM Bravo,6.0,5.0,120.0,,0.0,18.48
Akshat Raghuwanshi,29.0,27.0,107.40740740740742,,0.0,18.43111111111111
SE Bond,1.0,2.0,50.0,SE Bond,9.0,18.38
Saurav Chauhan,18.0,16.0,112.5,,0.0,18.315
R Bishnoi,19.0,17.0,111.76470588235294,,0.0,18.28470588235294
BE Hendricks,1.0,3.0,33.33333333333333,BE Hendricks,11.0,18.279999999999998
B Laughlin,5.0,13.0,38.46153846153847,B Laughlin,10.0,18.169230769230772
AB Barath,42.0,43.0,97.67441860465115,,0.0,18.01116279069767
YA Abdulla,0.0,1.0,0.0,YA Abdulla,15.0,18.0
RT Ponting,91.0,129.0,70.54263565891473,,0.0,17.86139534883721
RJ Gleeson,2.0,2.0,100.0,RJ Gleeson,2.0,17.56
DJ Thornely,39.0,54.0,72.22222222222221,DJ Thornely,3.0,17.553333333333335
IR Jaggi,76.0,100.0,76.0,,0.0,17.48
PVSN Raju,1.0,1.0,100.0,PVSN Raju,2.0,17.48
KAJ Roach,10.0,9.0,111.11111111111111,KAJ Roach,0.0,17.46666666666667
KL Nagarkoti,22.0,34.0,64.70588235294117,KL Nagarkoti,5.0,17.465882352941176
Y Gnaneswara Rao,19.0,18.0,105.55555555555556,Y Gnaneswara Rao,0.0,17.35333333333333
AA Bilakhia,69.0,88.0,78.4090909090909,,0.0,17.281363636363636
F Behardien,14.0,13.0,107.6923076923077,,0.0,17.273846153846154
MDKJ Perera,14.0,13.0,107.6923076923077,,0.0,17.273846153846154
S Randiv,2.0,4.0,50.0,S Randiv,8.0,17.259999999999998
IS Sodhi,7.0,18.0,38.88888888888889,IS Sodhi,9.0,17.193333333333335
T Kohler-Cadmore,48.0,54.0,88.88888888888889,,0.0,17.173333333333332
D du Preez,10.0,13.0,76.92307692307693,D du Preez,4.0,17.13846153846154
DJ Malan,26.0,26.0,100.0,,0.0,17.08
MJ Henry,7.0,10.0,70.0,MJ Henry,5.0,17.060000000000002
Ankit Soni,7.0,9.0,77.77777777777779,Ankit Soni,4.0,17.026666666666667
S Lamichhane,0.0,1.0,0.0,S Lamichhane,14.0,16.8
KR Sen,0.0,3.0,0.0,KR Sen,14.0,16.8
Kumar Kushagra,21.0,21.0,100.0,,0.0,16.68
B Sumanth,35.0,38.0,92.10526315789474,,0.0,16.61578947368421
L Ronchi,34.0,37.0,91.8918918918919,,0.0,16.503783783783785
GR Napier,15.0,16.0,93.75,GR Napier,1.0,16.4625
Mashrafe Mortaza,2.0,2.0,100.0,Mashrafe Mortaza,1.0,16.36
RG More,2.0,2.0,100.0,RG More,1.0,16.36
GC Viljoen,3.0,7.0,42.857142857142854,GC Viljoen,8.0,16.268571428571427
J Arunkumar,23.0,24.0,95.83333333333334,,0.0,16.215000000000003
M Rawat,55.0,70.0,78.57142857142857,,0.0,16.185714285714283
SB Wagh,2.0,3.0,66.66666666666666,SB Wagh,5.0,16.159999999999997
DT Patil,13.0,13.0,100.0,,0.0,16.04
AG Paunikar,49.0,61.0,80.32786885245902,,0.0,15.969180327868852
AR Bawne,12.0,12.0,100.0,,0.0,15.96
NJ Maddinson,20.0,21.0,95.23809523809523,,0.0,15.885714285714283
P Parameswaran,1.0,3.0,33.33333333333333,P Parameswaran,9.0,15.879999999999999
BMAJ Mendis,23.0,27.0,85.18518518518519,BMAJ Mendis,1.0,15.817777777777778
DS Lehmann,18.0,19.0,94.73684210526315,,0.0,15.650526315789472
,0.0,0.0,0.0,Akash Singh,13.0,15.6
,0.0,0.0,0.0,J Little,13.0,15.6
Liton Das,4.0,4.0,100.0,,0.0,15.32
VS Yeligati,2.0,2.0,100.0,VS Yeligati,0.0,15.16
SZ Mulani,1.0,1.0,100.0,SZ Mulani,0.0,15.08
NJ Rimmington,1.0,1.0,100.0,NJ Rimmington,0.0,15.08
Abdul Basith,1.0,1.0,100.0,,0.0,15.08
HE van der Dussen,22.0,25.0,88.0,,0.0,14.959999999999999
A Chopra,53.0,75.0,70.66666666666667,,0.0,14.84
M de Lange,1.0,2.0,50.0,M de Lange,6.0,14.78
S Sriram,31.0,38.0,81.57894736842105,S Sriram,0.0,14.716842105263158
P Dubey,23.0,33.0,69.6969696969697,P Dubey,2.0,14.694545454545455
FA Allen,14.0,19.0,73.68421052631578,FA Allen,2.0,14.572631578947368
JA Richardson,17.0,27.0,62.96296296296296,JA Richardson,3.0,14.404444444444444
V Pratap Singh,0.0,1.0,0.0,V Pratap Singh,12.0,14.399999999999999
Yashpal Singh,47.0,67.0,70.1492537313433,,0.0,14.282388059701493
SM Harwood,9.0,14.0,64.28571428571429,SM Harwood,3.0,13.962857142857144
A Mukund,19.0,23.0,82.6086956521739,,0.0,13.911304347826086
AA Kulkarni,26.0,33.0,78.78787878787878,,0.0,13.898181818181817
RJW Topley,3.0,6.0,50.0,RJW Topley,5.0,13.74
T Banton,18.0,22.0,81.81818181818183,,0.0,13.712727272727273
AN Ghosh,7.0,8.0,87.5,,0.0,13.685
LG Pretorius,7.0,8.0,87.5,,0.0,13.685
AJ Turner,24.0,31.0,77.41935483870968,,0.0,13.532903225806452
S Chanderpaul,25.0,33.0,75.75757575757575,,0.0,13.363636363636362
SS Shaikh,6.0,7.0,85.71428571428571,,0.0,13.337142857142856
AA Noffke,9.0,12.0,75.0,AA Noffke,1.0,13.17
Tanush Kotian,24.0,32.0,75.0,,0.0,13.17
T Dahiya,12.0,15.0,80.0,,0.0,12.96
R Smaran,19.0,25.0,76.0,,0.0,12.92
P Ray Barman,19.0,25.0,76.0,P Ray Barman,0.0,12.92
Fazalhaq Farooqi,5.0,15.0,33.33333333333333,Fazalhaq Farooqi,6.0,12.599999999999998
A Uniyal,4.0,7.0,57.14285714285714,A Uniyal,3.0,12.491428571428571
DR Martyn,19.0,26.0,73.07692307692307,,0.0,12.48153846153846
T Henderson,11.0,16.0,68.75,T Henderson,1.0,12.3925
A Dananjaya,4.0,5.0,80.0,A Dananjaya,0.0,12.32
,0.0,0.0,0.0,Anand Rajan,10.0,12.0
PWA Mulder,9.0,12.0,75.0,PWA Mulder,0.0,11.97
C Madan,15.0,21.0,71.42857142857143,,0.0,11.914285714285713
B Indrajith,21.0,31.0,67.74193548387096,,0.0,11.841290322580644
Sumit Kumar,18.0,26.0,69.23076923076923,Sumit Kumar,0.0,11.824615384615383
YV Dhull,16.0,23.0,69.56521739130434,,0.0,11.71478260869565
TM Srivastava,8.0,11.0,72.72727272727273,,0.0,11.54909090909091
HF Gurney,1.0,5.0,20.0,HF Gurney,7.0,11.48
R Ninan,3.0,6.0,50.0,R Ninan,3.0,11.34
CK Kapugedera,16.0,24.0,66.66666666666666,CK Kapugedera,0.0,11.279999999999998
GHS Garton,2.0,4.0,50.0,GHS Garton,3.0,11.26
T Shamsi,2.0,4.0,50.0,T Shamsi,3.0,11.26
NS Naik,31.0,53.0,58.490566037735846,,0.0,11.253584905660377
KS Sharma,16.0,25.0,64.0,,0.0,10.879999999999999
JE Root,10.0,15.0,66.66666666666666,JE Root,0.0,10.799999999999999
,0.0,0.0,0.0,JA Duffy,9.0,10.799999999999999
,0.0,0.0,0.0,N Thushara,9.0,10.799999999999999
,0.0,0.0,0.0,Yash Raj Punja,9.0,10.799999999999999
,0.0,0.0,0.0,M Siddharth,9.0,10.799999999999999
DR Shorey,13.0,20.0,65.0,,0.0,10.79
Ashok Sharma,1.0,5.0,20.0,Ashok Sharma,6.0,10.28
Shivam Singh,2.0,3.0,66.66666666666666,,0.0,10.159999999999998
MJ Suthar,1.0,2.0,50.0,MJ Suthar,2.0,9.98
KA Maharaj,1.0,2.0,50.0,KA Maharaj,2.0,9.98
R Minz,12.0,20.0,60.0,,0.0,9.96
Shoaib Akhtar,2.0,8.0,25.0,Shoaib Akhtar,5.0,9.91
LE Plunkett,1.0,3.0,33.33333333333333,LE Plunkett,4.0,9.879999999999999
DJ Muthuswami,1.0,3.0,33.33333333333333,DJ Muthuswami,4.0,9.879999999999999
Virat Singh,15.0,26.0,57.692307692307686,,0.0,9.853846153846153
CJ McKay,8.0,15.0,53.333333333333336,CJ McKay,1.0,9.84
X Thalaivan Sargunam,10.0,17.0,58.82352941176471,,0.0,9.623529411764707
,0.0,0.0,0.0,S Sandeep Warrier,8.0,9.6
,0.0,0.0,0.0,Zeeshan Ansari,8.0,9.6
T Kohli,11.0,20.0,55.00000000000001,,0.0,9.13
LB Williams,1.0,2.0,50.0,LB Williams,1.0,8.78
PM Sarvesh Kumar,1.0,2.0,50.0,PM Sarvesh Kumar,1.0,8.78
Shoaib Ahmed,1.0,6.0,16.666666666666664,Shoaib Ahmed,5.0,8.58
KM Asif,0.0,2.0,0.0,KM Asif,7.0,8.4
,0.0,0.0,0.0,AM Salvi,7.0,8.4
,0.0,0.0,0.0,P Amarnath,7.0,8.4
D Kalyankrishna,3.0,8.0,37.5,D Kalyankrishna,2.0,8.265
PSP Handscomb,6.0,12.0,50.0,,0.0,7.98
Krish Bhagat,10.0,21.0,47.61904761904761,Krish Bhagat,0.0,7.942857142857141
A Tomar,4.0,8.0,50.0,,0.0,7.82
Mohit Rathee,1.0,2.0,50.0,Mohit Rathee,0.0,7.58
UA Birla,7.0,15.0,46.666666666666664,,0.0,7.559999999999999
SS Mishra,1.0,3.0,33.33333333333333,SS Mishra,2.0,7.479999999999999
SB Joshi,6.0,16.0,37.5,SB Joshi,1.0,7.305000000000001
,0.0,0.0,0.0,W O'Rourke,6.0,7.199999999999999
S Kaushik,0.0,1.0,0.0,S Kaushik,6.0,7.199999999999999
,0.0,0.0,0.0,K Khejroliya,6.0,7.199999999999999
,0.0,0.0,0.0,V Puthur,6.0,7.199999999999999
SS Cottrell,0.0,2.0,0.0,SS Cottrell,6.0,7.199999999999999
Younis Khan,3.0,7.0,42.857142857142854,,0.0,6.668571428571428
RK Bhui,10.0,27.0,37.03703703703704,,0.0,6.355555555555555
BR Sharath,2.0,5.0,40.0,,0.0,6.16
H Das,2.0,5.0,40.0,,0.0,6.16
DV Malewar,2.0,5.0,40.0,,0.0,6.16
,0.0,0.0,0.0,O Thomas,5.0,6.0
L Ablish,0.0,2.0,0.0,L Ablish,5.0,6.0
,0.0,0.0,0.0,B Muzarabani,5.0,6.0
S Ladda,0.0,10.0,0.0,S Ladda,5.0,6.0
TD Paine,10.0,29.0,34.48275862068966,,0.0,5.972413793103448
,0.0,0.0,0.0,Gurjapneet Singh,4.0,4.8
RS Gavaskar,2.0,8.0,25.0,RS Gavaskar,0.0,3.91
MS Bhandage,1.0,4.0,25.0,,0.0,3.83
,0.0,0.0,0.0,SM Boland,3.0,3.5999999999999996
,0.0,0.0,0.0,JW Hastings,3.0,3.5999999999999996
,0.0,0.0,0.0,K Santokie,3.0,3.5999999999999996
,0.0,0.0,0.0,Gagandeep Singh,3.0,3.5999999999999996
,0.0,0.0,0.0,RS Hangargekar,3.0,3.5999999999999996
,0.0,0.0,0.0,Abhinandan Singh,3.0,3.5999999999999996
Mohammad Ashraful,2.0,12.0,16.666666666666664,,0.0,2.6599999999999997
C Nanda,0.0,1.0,0.0,C Nanda,2.0,2.4
,0.0,0.0,0.0,V Kaverappa,2.0,2.4
,0.0,0.0,0.0,BJ Dwarshuis,2.0,2.4
,0.0,0.0,0.0,PH Solanki,2.0,2.4
,0.0,0.0,0.0,P Suyal,2.0,2.4
K Yadav,0.0,4.0,0.0,K Yadav,2.0,2.4
,0.0,0.0,0.0,SC Kuggeleijn,2.0,2.4
Mayank Dagar,0.0,1.0,0.0,Mayank Dagar,2.0,2.4
,0.0,0.0,0.0,B Geeves,2.0,2.4
ND Doshi,0.0,13.0,0.0,ND Doshi,2.0,2.4
,0.0,0.0,0.0,IC Porel,1.0,1.2
,0.0,0.0,0.0,GS Sandhu,1.0,1.2
,0.0,0.0,0.0,A Nel,1.0,1.2
,0.0,0.0,0.0,LI Meriwala,1.0,1.2
Y Prithvi Raj,0.0,1.0,0.0,Y Prithvi Raj,1.0,1.2
,0.0,0.0,0.0,SSB Magala,1.0,1.2
,0.0,0.0,0.0,D Madushanka,1.0,1.2
Musheer Khan,0.0,3.0,0.0,Musheer Khan,1.0,1.2
,0.0,0.0,0.0,SS Sarkar,1.0,1.2
,0.0,0.0,0.0,SS Mundhe,1.0,1.2
,0.0,0.0,0.0,SS Agarwal,1.0,1.2
,0.0,0.0,0.0,Raghu Sharma,1.0,1.2
,0.0,0.0,0.0,RS Ghosh,1.0,1.2
,0.0,0.0,0.0,NB Singh,1.0,1.2
,0.0,0.0,0.0,TP Sudhindra,1.0,1.2
,0.0,0.0,0.0,AA Kazi,1.0,1.2
,0.0,0.0,0.0,D Jansen,1.0,1.2
,0.0,0.0,0.0,Karim Janat,0.0,0.0
JL Denly,0.0,1.0,0.0,,0.0,0.0
,0.0,0.0,0.0,H Sharma,0.0,0.0
,0.0,0.0,0.0,Gurnoor Brar,0.0,0.0
,0.0,0.0,0.0,MG Neser,0.0,0.0
MJ Owen,0.0,2.0,0.0,,0.0,0.0
Abdur Razzak,0.0,2.0,0.0,Abdur Razzak,0.0,0.0
,0.0,0.0,0.0,S Midhun,0.0,0.0
,0.0,0.0,0.0,S Joseph,0.0,0.0
,0.0,0.0,0.0,CJ Green,0.0,0.0
,0.0,0.0,0.0,RW Price,0.0,0.0
,0.0,0.0,0.0,CJ Dala,0.0,0.0
,0.0,0.0,0.0,RR Bose,0.0,0.0
RR Bhatkal,0.0,2.0,0.0,RR Bhatkal,0.0,0.0
,0.0,0.0,0.0,Tejas Baroka,0.0,0.0
,0.0,0.0,0.0,Jalaj S Saxena,0.0,0.0
Sunny Gupta,0.0,1.0,0.0,Sunny Gupta,0.0,0.0
,0.0,0.0,0.0,RA Shaikh,0.0,0.0
R Sanjay Yadav,0.0,2.0,0.0,R Sanjay Yadav,0.0,0.0
,0.0,0.0,0.0,MB Parmar,0.0,0.0
,0.0,0.0,0.0,T Vijay,0.0,0.0
,0.0,0.0,0.0,P Prasanth,0.0,0.0
,0.0,0.0,0.0,Monu Kumar,0.0,0.0
,0.0,0.0,0.0,NA Saini,0.0,0.0
U Kaul,0.0,1.0,0.0,,0.0,0.0
KS Rathore,0.0,5.0,0.0,,0.0,0.0
,0.0,0.0,0.0,C Ganapathy,0.0,0.0
,0.0,0.0,0.0,R Goyal,0.0,0.0
